{"cameraMode":{"drawMode":0,"name":"Shaded","section":"Shading Mode"},"sceneLighting":true,"audioPlay":false,"sceneViewState":{"m_AlwaysRefresh":false,"showFog":true,"showSkybox":true,"showFlares":true,"showImageEffects":true,"showParticleSystems":true,"showVisualEffectGraphs":true,"m_FxEnabled":true},"in2DMode":false,"pivot":{"x":-2.929184913635254,"y":2.6014716625213625,"z":1.5969254970550538},"rotation":{"x":-0.10936934500932694,"y":0.046964388340711597,"z":-0.009622511453926564,"w":-0.9938903450965881},"size":4.328136920928955,"orthographic":false}