{"cameraMode":{"drawMode":0,"name":"Shaded","section":"Shading Mode"},"sceneLighting":true,"audioPlay":false,"sceneViewState":{"m_AlwaysRefresh":false,"showFog":true,"showSkybox":true,"showFlares":true,"showImageEffects":true,"showParticleSystems":true,"showVisualEffectGraphs":true,"m_FxEnabled":true},"in2DMode":false,"pivot":{"x":6.195135116577148,"y":1.8977060317993165,"z":2.7680673599243166},"rotation":{"x":0.07034668326377869,"y":0.46288102865219118,"z":-0.028184419497847558,"w":0.8846381902694702},"size":9.934879302978516,"orthographic":false}